"symbol","tf","time","open","high","low","close","volume"
"XAGUSD","15m","2025-12-19T04:45:00Z","64.9805","65.045","64.8047","64.8297","1640"
"XAGUSD","15m","2025-12-19T05:00:00Z","64.8245","64.884","64.47","64.7835","2425"
"XAGUSD","15m","2025-12-19T05:15:00Z","64.779","65.2547","64.7787","65.18","2243"
"XAGUSD","15m","2025-12-19T05:30:00Z","65.185","65.225","65.0745","65.1667","961"
"XAGUSD","15m","2025-12-19T05:45:00Z","65.1667","65.2077","65.0926","65.112","1046"
"XAGUSD","15m","2025-12-19T06:00:00Z","65.1167","65.1843","65.091","65.172","961"
"XAGUSD","15m","2025-12-19T06:15:00Z","65.173","65.1787","65.083","65.113","937"
"XAGUSD","15m","2025-12-19T06:30:00Z","65.113","65.3835","65.1067","65.2813","1168"
"XAGUSD","15m","2025-12-19T06:45:00Z","65.2813","65.441","65.272","65.4117","1979"
"XAGUSD","15m","2025-12-19T07:00:00Z","65.4117","65.4817","65.2753","65.3115","1272"
"XAGUSD","15m","2025-12-19T07:15:00Z","65.3117","65.3567","65.2413","65.3415","1215"
"XAGUSD","15m","2025-12-19T07:30:00Z","65.3415","65.818","65.327","65.7287","3945"
"XAGUSD","15m","2025-12-19T07:45:00Z","65.7347","65.9637","65.7337","65.8397","3051"
"XAGUSD","15m","2025-12-19T08:00:00Z","65.8397","65.949","65.7104","65.905","2348"
"XAGUSD","15m","2025-12-19T08:15:00Z","65.905","66.0053","65.7183","65.7427","2481"
"XAGUSD","15m","2025-12-19T08:30:00Z","65.7427","65.844","65.588","65.687","2552"
"XAGUSD","15m","2025-12-19T08:45:00Z","65.688","65.864","65.613","65.8024","2119"
"XAGUSD","15m","2025-12-19T09:00:00Z","65.802","65.8777","65.727","65.7883","1632"
"XAGUSD","15m","2025-12-19T09:15:00Z","65.7883","65.8287","65.73","65.8147","1186"
"XAGUSD","15m","2025-12-19T09:30:00Z","65.814","65.871","65.744","65.7847","889"
"XAGUSD","15m","2025-12-19T09:45:00Z","65.784","65.7953","65.658","65.708","1140"
"XAGUSD","15m","2025-12-19T10:00:00Z","65.701","65.8283","65.6765","65.729","1248"
"XAGUSD","15m","2025-12-19T10:15:00Z","65.726","65.8283","65.676","65.741","1019"
"XAGUSD","15m","2025-12-19T10:30:00Z","65.74","65.911","65.74","65.8673","1403"
"XAGUSD","15m","2025-12-19T10:45:00Z","65.8663","65.926","65.813","65.817","1126"
"XAGUSD","15m","2025-12-19T11:00:00Z","65.817","65.848","65.726","65.8427","1138"
"XAGUSD","15m","2025-12-19T11:15:00Z","65.842","65.934","65.8277","65.8627","1125"
"XAGUSD","15m","2025-12-19T11:30:00Z","65.8627","66.0075","65.8103","66.0027","1336"
"XAGUSD","15m","2025-12-19T11:45:00Z","66.003","66.1247","65.929","66.007","1743"
"XAGUSD","15m","2025-12-19T12:00:00Z","66.002","66.2087","65.994","66.137","1409"
"XAGUSD","15m","2025-12-19T12:15:00Z","66.138","66.174","66.01","66.0357","1188"
"XAGUSD","15m","2025-12-19T12:30:00Z","66.0337","66.0637","65.937","66.0637","1299"
"XAGUSD","15m","2025-12-19T12:45:00Z","66.0667","66.1067","66.017","66.0387","1176"
"XAGUSD","15m","2025-12-19T13:00:00Z","66.037","66.0647","65.832","65.968","1367"
"XAGUSD","15m","2025-12-19T13:15:00Z","65.967","65.9857","65.8437","65.928","1275"
"XAGUSD","15m","2025-12-19T13:30:00Z","65.927","65.9787","65.848","65.9777","1006"
"XAGUSD","15m","2025-12-19T13:45:00Z","65.9777","66.019","65.833","65.8535","1177"
"XAGUSD","15m","2025-12-19T14:00:00Z","65.863","65.863","65.637","65.798","2161"
"XAGUSD","15m","2025-12-19T14:15:00Z","65.798","65.9537","65.7517","65.927","1253"
"XAGUSD","15m","2025-12-19T14:30:00Z","65.932","65.946","65.773","65.8037","1005"
"XAGUSD","15m","2025-12-19T14:45:00Z","65.8037","65.8287","65.694","65.761","1727"
"XAGUSD","15m","2025-12-19T15:00:00Z","65.761","66.019","65.761","65.885","4933"
"XAGUSD","15m","2025-12-19T15:15:00Z","65.893","65.9627","65.647","65.892","4947"
"XAGUSD","15m","2025-12-19T15:30:00Z","65.89","66.037","65.742","65.8347","3761"
"XAGUSD","15m","2025-12-19T15:45:00Z","65.828","65.949","65.725","65.845","2903"
"XAGUSD","15m","2025-12-19T16:00:00Z","65.845","66.077","65.737","65.8177","4469"
"XAGUSD","15m","2025-12-19T16:15:00Z","65.81","65.9577","65.794","65.933","3060"
"XAGUSD","15m","2025-12-19T16:30:00Z","65.933","66.612","65.908","66.4217","6704"
"XAGUSD","15m","2025-12-19T16:45:00Z","66.4217","66.4287","65.819","66.2585","6942"
"XAGUSD","15m","2025-12-19T17:00:00Z","66.2584","66.503","66.244","66.367","6225"
"XAGUSD","15m","2025-12-19T17:15:00Z","66.367","66.5477","66.209","66.415","5256"
"XAGUSD","15m","2025-12-19T17:30:00Z","66.415","66.71","66.365","66.5427","5788"
"XAGUSD","15m","2025-12-19T17:45:00Z","66.5427","66.847","66.525","66.819","4257"
"XAGUSD","15m","2025-12-19T18:00:00Z","66.819","67.23","66.723","66.7337","6869"
"XAGUSD","15m","2025-12-19T18:15:00Z","66.728","66.8895","66.667","66.8827","4678"
"XAGUSD","15m","2025-12-19T18:30:00Z","66.8867","67.0947","66.853","67.044","3940"
"XAGUSD","15m","2025-12-19T18:45:00Z","67.044","67.302","67.0087","67.2547","5076"
"XAGUSD","15m","2025-12-19T19:00:00Z","67.2547","67.3287","67.0777","67.091","3311"
"XAGUSD","15m","2025-12-19T19:15:00Z","67.0927","67.301","67.085","67.272","2809"
"XAGUSD","15m","2025-12-19T19:30:00Z","67.277","67.378","67.1557","67.238","2994"
"XAGUSD","15m","2025-12-19T19:45:00Z","67.242","67.4187","67.224","67.376","2559"
"XAGUSD","15m","2025-12-19T20:00:00Z","67.3635","67.445","67.265","67.4","2568"
"XAGUSD","15m","2025-12-19T20:15:00Z","67.4","67.406","67.212","67.294","3185"
"XAGUSD","15m","2025-12-19T20:30:00Z","67.293","67.3017","66.947","67.0167","3106"
"XAGUSD","15m","2025-12-19T20:45:00Z","67.0067","67.2377","66.9105","67.1737","2155"
"XAGUSD","15m","2025-12-19T21:00:00Z","67.1737","67.2917","67.128","67.2077","1524"
"XAGUSD","15m","2025-12-19T21:15:00Z","67.2077","67.2837","67.14","67.2317","1748"
"XAGUSD","15m","2025-12-19T21:30:00Z","67.2277","67.3537","67.197","67.268","1719"
"XAGUSD","15m","2025-12-19T21:45:00Z","67.268","67.379","67.197","67.199","1763"
"XAGUSD","15m","2025-12-19T22:00:00Z","67.1987","67.255","66.991","67.0283","2356"
"XAGUSD","15m","2025-12-19T22:15:00Z","67.026","67.288","67.0187","67.213","1845"
"XAGUSD","15m","2025-12-19T22:30:00Z","67.2","67.241","67.0674","67.16","2332"
"XAGUSD","15m","2025-12-19T22:45:00Z","67.156","67.208","67.004","67.1977","3409"
"XAGUSD","15m","2025-12-19T23:00:00Z","67.1977","67.2197","67.1493","67.2037","727"
"XAGUSD","15m","2025-12-19T23:15:00Z","67.2087","67.2347","67.128","67.1507","463"
"XAGUSD","15m","2025-12-19T23:30:00Z","67.15","67.1553","67.095","67.144","554"
"XAGUSD","15m","2025-12-19T23:45:00Z","67.144","67.1963","67.124","67.1963","664"
"XAGUSD","15m","2025-12-22T01:00:00Z","67.3595","67.4723","67.158","67.433","833"
"XAGUSD","15m","2025-12-22T01:15:00Z","67.4084","67.478","67.327","67.436","641"
"XAGUSD","15m","2025-12-22T01:30:00Z","67.431","67.45","67.351","67.3737","379"
"XAGUSD","15m","2025-12-22T01:45:00Z","67.373","67.4827","67.365","67.418","866"
"XAGUSD","15m","2025-12-22T02:00:00Z","67.416","67.537","67.3997","67.4057","1231"
"XAGUSD","15m","2025-12-22T02:15:00Z","67.4057","67.5417","67.39","67.5057","747"
"XAGUSD","15m","2025-12-22T02:30:00Z","67.5157","67.546","67.3632","67.4293","1427"
"XAGUSD","15m","2025-12-22T02:45:00Z","67.4293","67.542","67.4177","67.533","860"
"XAGUSD","15m","2025-12-22T03:00:00Z","67.533","68.218","67.533","67.832","7242"
"XAGUSD","15m","2025-12-22T03:15:00Z","67.832","68.1747","67.775","68.015","4399"
"XAGUSD","15m","2025-12-22T03:30:00Z","68.016","68.5357","67.952","68.449","4980"
"XAGUSD","15m","2025-12-22T03:45:00Z","68.444","68.5067","68.267","68.3727","4542"
"XAGUSD","15m","2025-12-22T04:00:00Z","68.3727","68.6597","68.322","68.54","3254"
"XAGUSD","15m","2025-12-22T04:15:00Z","68.5407","68.6057","68.45","68.4507","1237"
"XAGUSD","15m","2025-12-22T04:30:00Z","68.445","68.8097","68.4053","68.7727","3543"
"XAGUSD","15m","2025-12-22T04:45:00Z","68.763","68.9787","68.6753","68.7377","4489"
"XAGUSD","15m","2025-12-22T05:00:00Z","68.7387","68.9307","68.699","68.7877","3597"
"XAGUSD","15m","2025-12-22T05:15:00Z","68.787","68.9917","68.787","68.9827","2802"
"XAGUSD","15m","2025-12-22T05:30:00Z","68.9827","69.2187","68.961","69.147","1774"
"XAGUSD","15m","2025-12-22T05:45:00Z","69.147","69.2407","69.142","69.203","1336"
"XAGUSD","15m","2025-12-22T06:00:00Z","69.2087","69.3887","69.147","69.3777","1763"
"XAGUSD","15m","2025-12-22T06:15:00Z","69.3777","69.4517","69.35","69.3607","947"
"XAGUSD","15m","2025-12-22T06:30:00Z","69.3607","69.3977","69.335","69.3617","756"
"XAGUSD","15m","2025-12-22T06:45:00Z","69.3617","69.421","69.3383","69.354","1376"
"XAGUSD","15m","2025-12-22T07:00:00Z","69.3507","69.3987","69.2023","69.219","1537"
"XAGUSD","15m","2025-12-22T07:15:00Z","69.2183","69.2967","69.104","69.2917","1660"
"XAGUSD","15m","2025-12-22T07:30:00Z","69.2917","69.378","68.509","68.6322","6211"
"XAGUSD","15m","2025-12-22T07:45:00Z","68.633","68.9403","68.592","68.618","4104"
"XAGUSD","15m","2025-12-22T08:00:00Z","68.62","69.037","68.6041","69.0357","2910"
"XAGUSD","15m","2025-12-22T08:15:00Z","69.0407","69.0917","68.9245","68.9847","1856"
"XAGUSD","15m","2025-12-22T08:30:00Z","68.989","69.137","68.8593","69.0841","3110"
"XAGUSD","15m","2025-12-22T08:45:00Z","69.083","69.2507","69.072","69.1957","2956"
"XAGUSD","15m","2025-12-22T09:00:00Z","69.1957","69.2057","68.846","68.876","2348"
"XAGUSD","15m","2025-12-22T09:15:00Z","68.876","69.0272","68.8117","68.9913","2107"
"XAGUSD","15m","2025-12-22T09:30:00Z","68.997","69.0352","68.8963","68.9257","2005"
"XAGUSD","15m","2025-12-22T09:45:00Z","68.9257","68.9913","68.77","68.981","1848"
"XAGUSD","15m","2025-12-22T10:00:00Z","68.981","68.981","68.805","68.8731","2156"
"XAGUSD","15m","2025-12-22T10:15:00Z","68.8721","68.8967","68.729","68.8357","1762"
"XAGUSD","15m","2025-12-22T10:30:00Z","68.8357","68.8857","68.601","68.7411","2082"
"XAGUSD","15m","2025-12-22T10:45:00Z","68.7417","68.7997","68.665","68.72409999999999","2041"
"XAGUSD","15m","2025-12-22T11:00:00Z","68.7237","68.914","68.6657","68.8897","2192"
"XAGUSD","15m","2025-12-22T11:15:00Z","68.883","68.926","68.801","68.8357","1222"
"XAGUSD","15m","2025-12-22T11:30:00Z","68.834","68.999","68.816","68.931","1328"
"XAGUSD","15m","2025-12-22T11:45:00Z","68.931","69.0265","68.918","68.943","1351"
"XAGUSD","15m","2025-12-22T12:00:00Z","68.949","69.135","68.949","69.0187","1575"
"XAGUSD","15m","2025-12-22T12:15:00Z","69.0187","69.1307","69.0117","69.0303","1523"
"XAGUSD","15m","2025-12-22T12:30:00Z","69.0313","69.1297","68.9317","69.1142","1691"
"XAGUSD","15m","2025-12-22T12:45:00Z","69.119","69.1297","68.98","69.0073","1051"
"XAGUSD","15m","2025-12-22T13:00:00Z","69.0073","69.0907","68.951","69.0747","1424"
"XAGUSD","15m","2025-12-22T13:15:00Z","69.0727","69.153","69.047","69.0877","986"
"XAGUSD","15m","2025-12-22T13:30:00Z","69.083","69.1601","69.043","69.082","1085"
"XAGUSD","15m","2025-12-22T13:45:00Z","69.082","69.096","68.984","69.0927","1109"
"XAGUSD","15m","2025-12-22T14:00:00Z","69.089","69.2303","69.006","69.0327","2016"
"XAGUSD","15m","2025-12-22T14:15:00Z","69.0283","69.1706","68.9393","68.9783","1709"
"XAGUSD","15m","2025-12-22T14:30:00Z","68.982","69.023","68.833","68.8977","1589"
"XAGUSD","15m","2025-12-22T14:45:00Z","68.8977","69.08","68.861","69.053","1847"
"XAGUSD","15m","2025-12-22T15:00:00Z","69.0604","69.238","68.9793","69.156","6174"
"XAGUSD","15m","2025-12-22T15:15:00Z","69.156","69.199","68.8749","69.0384","4811"
"XAGUSD","15m","2025-12-22T15:30:00Z","69.0387","69.1187","68.87","68.9526","3142"
"XAGUSD","15m","2025-12-22T15:45:00Z","68.9544","69.0426","68.787","68.903","3273"
"XAGUSD","15m","2025-12-22T16:00:00Z","68.902","69.1446","68.8465","69.0967","3324"
"XAGUSD","15m","2025-12-22T16:15:00Z","69.0967","69.1067","68.933","69.044","3282"
"XAGUSD","15m","2025-12-22T16:30:00Z","69.044","69.079","68.649","69.0296","9873"
"XAGUSD","15m","2025-12-22T16:45:00Z","69.03","69.247","68.806","68.886","7549"
"XAGUSD","15m","2025-12-22T17:00:00Z","68.886","68.9517","68.436","68.586","6540"
"XAGUSD","15m","2025-12-22T17:15:00Z","68.5843","68.759","68.4153","68.62","5503"
"XAGUSD","15m","2025-12-22T17:30:00Z","68.62","68.8913","68.549","68.8857","3523"
"XAGUSD","15m","2025-12-22T17:45:00Z","68.889","69.028","68.777","68.804","3117"
"XAGUSD","15m","2025-12-22T18:00:00Z","68.801","68.944","68.683","68.731","2834"
"XAGUSD","15m","2025-12-22T18:15:00Z","68.729","68.8177","68.466","68.486","5407"
"XAGUSD","15m","2025-12-22T18:30:00Z","68.487","68.62","68.228","68.5247","4729"
"XAGUSD","15m","2025-12-22T18:45:00Z","68.5247","68.762","68.494","68.748","2352"
"XAGUSD","15m","2025-12-22T19:00:00Z","68.748","68.794","68.646","68.6753","2063"
"XAGUSD","15m","2025-12-22T19:15:00Z","68.678","68.6897","68.422","68.4323","4015"
"XAGUSD","15m","2025-12-22T19:30:00Z","68.4323","68.539","68.321","68.4827","3342"
"XAGUSD","15m","2025-12-22T19:45:00Z","68.4827","68.6073","68.4583","68.5833","2922"
"XAGUSD","15m","2025-12-22T20:00:00Z","68.5833","68.608","68.4753","68.5137","2832"
"XAGUSD","15m","2025-12-22T20:15:00Z","68.51","68.616","68.4313","68.5587","3068"
"XAGUSD","15m","2025-12-22T20:30:00Z","68.565","68.5897","68.4153","68.4487","2162"
"XAGUSD","15m","2025-12-22T20:45:00Z","68.4503","68.4897","68.324","68.3523","3039"
"XAGUSD","15m","2025-12-22T21:00:00Z","68.3527","68.3993","68.1048","68.226","3101"
"XAGUSD","15m","2025-12-22T21:15:00Z","68.23","68.4403","68.201","68.415","2410"
"XAGUSD","15m","2025-12-22T21:30:00Z","68.415","68.472","68.331","68.4583","1473"
"XAGUSD","15m","2025-12-22T21:45:00Z","68.4533","68.5707","68.428","68.561","1615"
"XAGUSD","15m","2025-12-22T22:00:00Z","68.561","68.7427","68.559","68.7427","1867"
"XAGUSD","15m","2025-12-22T22:15:00Z","68.739","68.7537","68.6373","68.6677","1662"
"XAGUSD","15m","2025-12-22T22:30:00Z","68.668","68.7883","68.6626","68.7647","1571"
"XAGUSD","15m","2025-12-22T22:45:00Z","68.7647","68.8933","68.736","68.868","2164"
"XAGUSD","15m","2025-12-22T23:00:00Z","68.868","68.9346","68.8657","68.919","784"
"XAGUSD","15m","2025-12-22T23:15:00Z","68.919","68.966","68.8733","68.932","757"
"XAGUSD","15m","2025-12-22T23:30:00Z","68.933","69.039","68.9287","69.0226","722"
"XAGUSD","15m","2025-12-22T23:45:00Z","69.0213","69.0833","69.01","69.0293","561"
"XAGUSD","15m","2025-12-23T01:00:00Z","69.1017","69.1698","69.071","69.132","486"
"XAGUSD","15m","2025-12-23T01:15:00Z","69.132","69.2757","69.1186","69.2327","918"
"XAGUSD","15m","2025-12-23T01:30:00Z","69.2317","69.258","69.116","69.1817","1026"
"XAGUSD","15m","2025-12-23T01:45:00Z","69.1817","69.2264","69.119","69.1257","573"
"XAGUSD","15m","2025-12-23T02:00:00Z","69.1257","69.1937","69.06","69.1077","1116"
"XAGUSD","15m","2025-12-23T02:15:00Z","69.097","69.126","68.9841","69.125","715"
"XAGUSD","15m","2025-12-23T02:30:00Z","69.126","69.208","69.0641","69.153","746"
"XAGUSD","15m","2025-12-23T02:45:00Z","69.153","69.1887","69.125","69.1617","631"
"XAGUSD","15m","2025-12-23T03:00:00Z","69.161","69.6967","69.161","69.5903","7148"
"XAGUSD","15m","2025-12-23T03:15:00Z","69.599","69.637","68.897","69.1947","9174"
"XAGUSD","15m","2025-12-23T03:30:00Z","69.1947","69.4387","69.139","69.4037","2664"
"XAGUSD","15m","2025-12-23T03:45:00Z","69.407","69.4497","69.243","69.284","2706"
"XAGUSD","15m","2025-12-23T04:00:00Z","69.284","69.4757","69.138","69.458","2234"
"XAGUSD","15m","2025-12-23T04:15:00Z","69.462","69.54","69.402","69.4887","895"
"XAGUSD","15m","2025-12-23T04:30:00Z","69.4887","69.7267","69.482","69.6367","3293"
"XAGUSD","15m","2025-12-23T04:45:00Z","69.6367","69.8067","69.5317","69.8067","1727"
"XAGUSD","15m","2025-12-23T05:00:00Z","69.8117","69.9927","69.5941","69.7047","3230"
"XAGUSD","15m","2025-12-23T05:15:00Z","69.7097","69.806","69.601","69.719","2167"
"XAGUSD","15m","2025-12-23T05:30:00Z","69.719","69.719","69.545","69.6317","1273"
"XAGUSD","15m","2025-12-23T05:45:00Z","69.632","69.6737","69.5127","69.5907","1360"
"XAGUSD","15m","2025-12-23T06:00:00Z","69.586","69.6747","69.515","69.629","1178"
"XAGUSD","15m","2025-12-23T06:15:00Z","69.6447","69.6967","69.588","69.645","563"
"XAGUSD","15m","2025-12-23T06:30:00Z","69.645","69.6787","69.558","69.6367","776"
"XAGUSD","15m","2025-12-23T06:45:00Z","69.6357","69.7057","69.4782","69.5977","1364"
"XAGUSD","15m","2025-12-23T07:00:00Z","69.592","69.5927","69.4133","69.4283","1092"
"XAGUSD","15m","2025-12-23T07:15:00Z","69.4283","69.4707","69.322","69.3967","1869"
"XAGUSD","15m","2025-12-23T07:30:00Z","69.3967","69.544","69.225","69.485","3140"
"XAGUSD","15m","2025-12-23T07:45:00Z","69.485","69.516","69.28","69.28","2710"
"XAGUSD","15m","2025-12-23T08:00:00Z","69.28","69.4287","69.0817","69.1427","2969"
"XAGUSD","15m","2025-12-23T08:15:00Z","69.1377","69.4127","69.0837","69.402","4086"
"XAGUSD","15m","2025-12-23T08:30:00Z","69.4047","69.485","69.323","69.3647","4787"
"XAGUSD","15m","2025-12-23T08:45:00Z","69.3647","69.4333","69.3202","69.3467","2126"
"XAGUSD","15m","2025-12-23T09:00:00Z","69.351","69.41","69.287","69.2877","1661"
"XAGUSD","15m","2025-12-23T09:15:00Z","69.2877","69.4807","69.2693","69.3857","1335"
"XAGUSD","15m","2025-12-23T09:30:00Z","69.385","69.4885","69.38","69.4757","1173"
"XAGUSD","15m","2025-12-23T09:45:00Z","69.4683","69.6497","69.465","69.5353","1831"
"XAGUSD","15m","2025-12-23T10:00:00Z","69.5347","69.5697","69.4543","69.49","1661"
"XAGUSD","15m","2025-12-23T10:15:00Z","69.49","69.592","69.453","69.4697","1033"
"XAGUSD","15m","2025-12-23T10:30:00Z","69.4697","69.5567","69.396","69.553","1745"
"XAGUSD","15m","2025-12-23T10:45:00Z","69.5597","69.5917","69.4421","69.501","1199"
"XAGUSD","15m","2025-12-23T11:00:00Z","69.501","69.5257","69.387","69.4427","2030"
"XAGUSD","15m","2025-12-23T11:15:00Z","69.4427","69.5037","69.393","69.4927","1580"
"XAGUSD","15m","2025-12-23T11:30:00Z","69.4977","69.5657","69.4422","69.4925","1333"
"XAGUSD","15m","2025-12-23T11:45:00Z","69.4987","69.5717","69.425","69.4857","1460"
"XAGUSD","15m","2025-12-23T12:00:00Z","69.4837","69.6027","69.4537","69.596","1290"
"XAGUSD","15m","2025-12-23T12:15:00Z","69.596","69.6443","69.55","69.6203","1284"
"XAGUSD","15m","2025-12-23T12:30:00Z","69.6203","69.6837","69.578","69.6547","1487"
"XAGUSD","15m","2025-12-23T12:45:00Z","69.6547","69.7167","69.6357","69.672","1034"
"XAGUSD","15m","2025-12-23T13:00:00Z","69.672","69.6997","69.5787","69.5957","989"
"XAGUSD","15m","2025-12-23T13:15:00Z","69.5957","69.6313","69.535","69.5607","735"
"XAGUSD","15m","2025-12-23T13:30:00Z","69.5607","69.6707","69.54","69.644","860"
"XAGUSD","15m","2025-12-23T13:45:00Z","69.6405","69.746","69.624","69.7207","1534"
"XAGUSD","15m","2025-12-23T14:00:00Z","69.72","69.7407","69.6187","69.6277","1283"
"XAGUSD","15m","2025-12-23T14:15:00Z","69.6277","69.6287","69.5333","69.6103","1565"
"XAGUSD","15m","2025-12-23T14:30:00Z","69.6103","69.6743","69.6093","69.6413","1141"
"XAGUSD","15m","2025-12-23T14:45:00Z","69.6413","69.6707","69.543","69.5893","1216"
"XAGUSD","15m","2025-12-23T15:00:00Z","69.5733","70.281","69.5653","70.254","6125"
"XAGUSD","15m","2025-12-23T15:15:00Z","70.269","70.4837","70.097","70.289","5034"
"XAGUSD","15m","2025-12-23T15:30:00Z","70.291","70.6661","70.211","70.5938","5201"
"XAGUSD","15m","2025-12-23T15:45:00Z","70.5937","70.6647","70.0653","70.4817","6904"
"XAGUSD","15m","2025-12-23T16:00:00Z","70.4817","70.58","70.1553","70.5227","6872"
"XAGUSD","15m","2025-12-23T16:15:00Z","70.5204","70.5747","70.1233","70.242","8704"
"XAGUSD","15m","2025-12-23T16:30:00Z","70.243","70.2433","69.206","69.5788","10972"
"XAGUSD","15m","2025-12-23T16:45:00Z","69.579","69.869","69.2661","69.444","10389"
"XAGUSD","15m","2025-12-23T17:00:00Z","69.4382","69.5557","68.807","69.3617","10854"
"XAGUSD","15m","2025-12-23T17:15:00Z","69.365","69.5313","69.144","69.1967","8508"
"XAGUSD","15m","2025-12-23T17:30:00Z","69.1935","69.679","69.1603","69.567","8353"
"XAGUSD","15m","2025-12-23T17:45:00Z","69.567","69.8077","69.5217","69.7407","5003"
"XAGUSD","15m","2025-12-23T18:00:00Z","69.7407","70.2547","69.7102","70.0577","6306"
"XAGUSD","15m","2025-12-23T18:15:00Z","70.0577","70.3457","70.047","70.1637","5025"
"XAGUSD","15m","2025-12-23T18:30:00Z","70.163","70.3647","69.9993","70.2543","4860"
"XAGUSD","15m","2025-12-23T18:45:00Z","70.2543","70.58","70.249","70.47","3909"
"XAGUSD","15m","2025-12-23T19:00:00Z","70.4697","71.0673","70.433","70.8887","6128"
"XAGUSD","15m","2025-12-23T19:15:00Z","70.895","71.0777","70.717","71.0357","4359"
"XAGUSD","15m","2025-12-23T19:30:00Z","71.0357","71.061","70.7807","70.9623","3976"
"XAGUSD","15m","2025-12-23T19:45:00Z","70.9533","70.9863","70.52","70.64","3373"
"XAGUSD","15m","2025-12-23T20:00:00Z","70.64","70.8853","70.6383","70.777","3878"
"XAGUSD","15m","2025-12-23T20:15:00Z","70.7743","71.0393","70.72409999999999","70.997","4780"
"XAGUSD","15m","2025-12-23T20:30:00Z","71.007","71.0213","70.8173","70.9027","2838"
"XAGUSD","15m","2025-12-23T20:45:00Z","70.9027","71.1553","70.896","71.1367","3955"
"XAGUSD","15m","2025-12-23T21:00:00Z","71.138","71.493","71.117","71.266","4168"
"XAGUSD","15m","2025-12-23T21:15:00Z","71.266","71.33","71.049","71.2947","4429"
"XAGUSD","15m","2025-12-23T21:30:00Z","71.2903","71.3947","71.15","71.34","2534"
"XAGUSD","15m","2025-12-23T21:45:00Z","71.3407","71.3563","71.1541","71.16","2133"
"XAGUSD","15m","2025-12-23T22:00:00Z","71.1583","71.321","71.1041","71.3097","2172"
"XAGUSD","15m","2025-12-23T22:15:00Z","71.304","71.428","71.2213","71.2297","1862"
"XAGUSD","15m","2025-12-23T22:30:00Z","71.2297","71.2927","71.091","71.2747","2704"
"XAGUSD","15m","2025-12-23T22:45:00Z","71.2747","71.5697","71.248","71.512","3463"
"XAGUSD","15m","2025-12-23T23:00:00Z","71.512","71.536","71.391","71.4327","937"
"XAGUSD","15m","2025-12-23T23:15:00Z","71.4327","71.4477","71.396","71.4167","410"
"XAGUSD","15m","2025-12-23T23:30:00Z","71.4167","71.4967","71.3763","71.4817","502"
"XAGUSD","15m","2025-12-23T23:45:00Z","71.4867","71.4917","71.402","71.462","443"
"XAGUSD","15m","2025-12-24T01:00:00Z","71.4491","71.6972","71.3575","71.666","1000"
"XAGUSD","15m","2025-12-24T01:15:00Z","71.664","71.7847","71.575","71.7253","1075"
"XAGUSD","15m","2025-12-24T01:30:00Z","71.7253","71.8447","71.685","71.7507","2477"
"XAGUSD","15m","2025-12-24T01:45:00Z","71.751","71.843","71.72","71.801","1151"
"XAGUSD","15m","2025-12-24T02:00:00Z","71.8057","71.87","71.7172","71.7172","1511"
"XAGUSD","15m","2025-12-24T02:15:00Z","71.7172","71.8917","71.6741","71.8637","2217"
"XAGUSD","15m","2025-12-24T02:30:00Z","71.8637","71.9863","71.81","71.971","1430"
"XAGUSD","15m","2025-12-24T02:45:00Z","71.971","71.9807","71.7693","71.87","1525"
"XAGUSD","15m","2025-12-24T03:00:00Z","71.87","72.089","71.52","71.8007","6154"
"XAGUSD","15m","2025-12-24T03:15:00Z","71.7957","72.342","71.745","72.245","4603"
"XAGUSD","15m","2025-12-24T03:30:00Z","72.245","72.651","72.156","72.513","4424"
"XAGUSD","15m","2025-12-24T03:45:00Z","72.518","72.6927","72.399","72.4063","5281"
"XAGUSD","15m","2025-12-24T04:00:00Z","72.4097","72.5197","71.974","72.225","4025"
"XAGUSD","15m","2025-12-24T04:15:00Z","72.219","72.265","71.905","72.053","2220"
"XAGUSD","15m","2025-12-24T04:30:00Z","72.0637","72.2897","71.918","72.214","3438"
"XAGUSD","15m","2025-12-24T04:45:00Z","72.2197","72.5","71.763","71.7997","4013"
"XAGUSD","15m","2025-12-24T05:00:00Z","71.804","72.1035","71.728","72.058","5186"
"XAGUSD","15m","2025-12-24T05:15:00Z","72.062","72.3197","72.062","72.2023","4761"
"XAGUSD","15m","2025-12-24T05:30:00Z","72.2023","72.4207","72.074","72.2857","2020"
"XAGUSD","15m","2025-12-24T05:45:00Z","72.288","72.3617","72.261","72.2867","1088"
"XAGUSD","15m","2025-12-24T06:00:00Z","72.2867","72.3877","72.241","72.268","1444"
"XAGUSD","15m","2025-12-24T06:15:00Z","72.2677","72.438","72.1633","72.383","1583"
"XAGUSD","15m","2025-12-24T06:30:00Z","72.3877","72.4203","72.306","72.3833","2191"
"XAGUSD","15m","2025-12-24T06:45:00Z","72.3757","72.3783","72.189","72.24","1655"
"XAGUSD","15m","2025-12-24T07:00:00Z","72.236","72.24","71.882","72.0167","1692"
"XAGUSD","15m","2025-12-24T07:15:00Z","72.0117","72.1177","71.9717","72.017","1412"
"XAGUSD","15m","2025-12-24T07:30:00Z","72.018","72.2503","71.9763","72.243","4379"
"XAGUSD","15m","2025-12-24T07:45:00Z","72.244","72.2813","72.0217","72.0777","3765"
"XAGUSD","15m","2025-12-24T08:00:00Z","72.082","72.2087","71.9625","72.188","3143"
"XAGUSD","15m","2025-12-24T08:15:00Z","72.1833","72.213","71.987","72.1357","2560"
"XAGUSD","15m","2025-12-24T08:30:00Z","72.1407","72.4827","72.113","72.3827","2751"
"XAGUSD","15m","2025-12-24T08:45:00Z","72.3827","72.5037","72.2127","72.25","3494"
"XAGUSD","15m","2025-12-24T09:00:00Z","72.25","72.3137","72.092","72.2237","2163"
"XAGUSD","15m","2025-12-24T09:15:00Z","72.212","72.311","72.153","72.2917","1324"
"XAGUSD","15m","2025-12-24T09:30:00Z","72.2867","72.3207","72.151","72.176","1157"
"XAGUSD","15m","2025-12-24T09:45:00Z","72.182","72.2643","72.034","72.077","2079"
"XAGUSD","15m","2025-12-24T10:00:00Z","72.077","72.0803","71.6833","71.8327","2776"
"XAGUSD","15m","2025-12-24T10:15:00Z","71.8327","71.8803","71.675","71.734","2313"
"XAGUSD","15m","2025-12-24T10:30:00Z","71.7303","71.9137","71.666","71.8197","1780"
"XAGUSD","15m","2025-12-24T10:45:00Z","71.82","71.8437","71.452","71.464","1985"
"XAGUSD","15m","2025-12-24T11:00:00Z","71.464","71.7167","71.373","71.7063","3749"
"XAGUSD","15m","2025-12-24T11:15:00Z","71.7093","71.8653","71.7053","71.8423","3246"
"XAGUSD","15m","2025-12-24T11:30:00Z","71.843","71.956","71.786","71.941","1718"
"XAGUSD","15m","2025-12-24T11:45:00Z","71.941","72.191","71.931","72.075","1755"
"XAGUSD","15m","2025-12-24T12:00:00Z","72.075","72.198","71.962","71.988","1541"
"XAGUSD","15m","2025-12-24T12:15:00Z","71.9881","72.1337","71.983","72.053","1123"
"XAGUSD","15m","2025-12-24T12:30:00Z","72.053","72.0703","71.936","71.984","1546"
"XAGUSD","15m","2025-12-24T12:45:00Z","71.983","72.1407","71.942","72.0227","1505"
"XAGUSD","15m","2025-12-24T13:00:00Z","72.022","72.022","71.901","71.9517","1343"
"XAGUSD","15m","2025-12-24T13:15:00Z","71.956","72.076","71.931","71.985","1129"
"XAGUSD","15m","2025-12-24T13:30:00Z","71.984","72.1343","71.948","72.1227","1333"
"XAGUSD","15m","2025-12-24T13:45:00Z","72.1217","72.1687","71.9941","72.1637","1267"
"XAGUSD","15m","2025-12-24T14:00:00Z","72.1637","72.3677","72.1633","72.354","1903"
"XAGUSD","15m","2025-12-24T14:15:00Z","72.3597","72.4313","72.276","72.385","1617"
"XAGUSD","15m","2025-12-24T14:30:00Z","72.385","72.4087","72.2941","72.3663","2557"
"XAGUSD","15m","2025-12-24T14:45:00Z","72.3663","72.439","72.3277","72.3307","1968"
"XAGUSD","15m","2025-12-24T15:00:00Z","72.3307","72.3307","71.689","71.796","7519"
"XAGUSD","15m","2025-12-24T15:15:00Z","71.7967","71.9317","71.486","71.7074","7691"
"XAGUSD","15m","2025-12-24T15:30:00Z","71.7085","71.8893","71.566","71.8493","4533"
"XAGUSD","15m","2025-12-24T15:45:00Z","71.8493","71.9903","71.742","71.9553","3839"
"XAGUSD","15m","2025-12-24T16:00:00Z","71.9553","72.1303","71.7547","71.862","4544"
"XAGUSD","15m","2025-12-24T16:15:00Z","71.864","72.0517","71.7867","71.8023","4718"
"XAGUSD","15m","2025-12-24T16:30:00Z","71.809","72.279","71.2574","71.6387","9313"
"XAGUSD","15m","2025-12-24T16:45:00Z","71.6384","71.6737","70.748","70.8732","10031"
"XAGUSD","15m","2025-12-24T17:00:00Z","70.878","71.294","70.65","71.275","9296"
"XAGUSD","15m","2025-12-24T17:15:00Z","71.275","71.388","70.646","70.9383","8003"
"XAGUSD","15m","2025-12-24T17:30:00Z","70.9013","71.0248","70.234","70.512","7303"
"XAGUSD","15m","2025-12-24T17:45:00Z","70.512","70.7567","70.173","70.666","7940"
"XAGUSD","15m","2025-12-24T18:00:00Z","70.665","71.2847","70.561","71.1197","6013"
"XAGUSD","15m","2025-12-24T18:15:00Z","71.1197","71.213","70.9541","71.1807","4670"
"XAGUSD","15m","2025-12-24T18:30:00Z","71.18","71.604","71.102","71.572","4064"
"XAGUSD","15m","2025-12-24T18:45:00Z","71.572","71.7827","71.411","71.7168","3659"
"XAGUSD","15m","2025-12-24T19:00:00Z","71.7197","71.947","71.6365","71.7977","5484"
"XAGUSD","15m","2025-12-24T19:15:00Z","71.7977","71.8607","71.546","71.699","4587"
"XAGUSD","15m","2025-12-24T19:30:00Z","71.704","71.9392","71.691","71.909","4702"
"XAGUSD","15m","2025-12-24T19:45:00Z","71.909","72.106","71.821","71.939","3716"
"XAGUSD","15m","2025-12-24T20:00:00Z","71.934","72.008","71.724","71.774","919"
"XAGUSD","15m","2025-12-24T20:15:00Z","71.774","71.904","71.764","71.777","610"
"XAGUSD","15m","2025-12-24T20:30:00Z","71.7765","71.853","71.749","71.817","335"
"XAGUSD","15m","2025-12-26T01:00:00Z","73.907","75.0015","72.4315","72.948","1900"
"XAGUSD","15m","2025-12-26T01:15:00Z","72.944","73.1355","72.583","73.0103","1342"
"XAGUSD","15m","2025-12-26T01:30:00Z","73.0103","73.303","72.866","73.202","1912"
"XAGUSD","15m","2025-12-26T01:45:00Z","73.202","73.2413","73.0622","73.102","815"
"XAGUSD","15m","2025-12-26T02:00:00Z","73.102","73.6823","73.0862","73.629","2125"
"XAGUSD","15m","2025-12-26T02:15:00Z","73.629","73.902","73.588","73.862","1191"
"XAGUSD","15m","2025-12-26T02:30:00Z","73.862","73.941","73.738","73.926","2194"
"XAGUSD","15m","2025-12-26T02:45:00Z","73.931","74.251","73.864","74.165","2032"
"XAGUSD","15m","2025-12-26T03:00:00Z","74.165","75.066","74.1633","74.808","9559"
"XAGUSD","15m","2025-12-26T03:15:00Z","74.803","75.123","74.581","74.692","4920"
"XAGUSD","15m","2025-12-26T03:30:00Z","74.677","75.14","74.643","74.905","3558"
"XAGUSD","15m","2025-12-26T03:45:00Z","74.91","74.953","74.306","74.5775","3527"
"XAGUSD","15m","2025-12-26T04:00:00Z","74.5775","74.752","74.268","74.6885","3533"
"XAGUSD","15m","2025-12-26T04:15:00Z","74.687","74.872","74.412","74.417","1721"
"XAGUSD","15m","2025-12-26T04:30:00Z","74.416","74.584","74.237","74.528","3315"
"XAGUSD","15m","2025-12-26T04:45:00Z","74.528","74.828","74.498","74.808","1895"
"XAGUSD","15m","2025-12-26T05:00:00Z","74.808","74.949","74.649","74.854","2666"
"XAGUSD","15m","2025-12-26T05:15:00Z","74.854","74.897","74.556","74.587","2216"
"XAGUSD","15m","2025-12-26T05:30:00Z","74.587","74.588","74.374","74.537","2193"
"XAGUSD","15m","2025-12-26T05:45:00Z","74.533","74.602","74.347","74.351","1697"
"XAGUSD","15m","2025-12-26T06:00:00Z","74.35","74.65","74.322","74.599","1276"
"XAGUSD","15m","2025-12-26T06:15:00Z","74.599","74.73","74.521","74.701","764"
"XAGUSD","15m","2025-12-26T06:30:00Z","74.7","74.762","74.435","74.579","1492"
"XAGUSD","15m","2025-12-26T06:45:00Z","74.579","74.697","74.556","74.662","547"
"XAGUSD","15m","2025-12-26T07:00:00Z","74.662","74.746","74.596","74.695","1689"
"XAGUSD","15m","2025-12-26T07:15:00Z","74.695","74.72","74.562","74.657","2189"
"XAGUSD","15m","2025-12-26T07:30:00Z","74.657","74.992","74.651","74.921","3057"
"XAGUSD","15m","2025-12-26T07:45:00Z","74.921","75.062","74.8331","74.986","2333"
"XAGUSD","15m","2025-12-26T08:00:00Z","74.982","75.056","74.7881","74.896","1899"
"XAGUSD","15m","2025-12-26T08:15:00Z","74.891","75.017","74.816","74.962","2200"
"XAGUSD","15m","2025-12-26T08:30:00Z","74.961","75.046","74.8851","74.998","1984"
"XAGUSD","15m","2025-12-26T08:45:00Z","74.988","75.003","74.4871","74.6291","3233"
"XAGUSD","15m","2025-12-26T09:00:00Z","74.623","74.787","74.598","74.762","764"
"XAGUSD","15m","2025-12-26T09:15:00Z","74.762","74.837","74.574","74.614","1181"
"XAGUSD","15m","2025-12-26T09:30:00Z","74.614","74.74","74.529","74.539","1039"
"XAGUSD","15m","2025-12-26T09:45:00Z","74.539","74.734","74.511","74.607","1052"
"XAGUSD","15m","2025-12-26T10:00:00Z","74.607","74.713","74.532","74.708","918"
"XAGUSD","15m","2025-12-26T10:15:00Z","74.718","74.829","74.628","74.7876","848"
"XAGUSD","15m","2025-12-26T10:30:00Z","74.7876","74.8641","74.719","74.789","920"
"XAGUSD","15m","2025-12-26T10:45:00Z","74.789","74.941","74.784","74.914","591"
"XAGUSD","15m","2025-12-26T11:00:00Z","74.914","74.986","74.816","74.846","987"
"XAGUSD","15m","2025-12-26T11:15:00Z","74.851","74.907","74.786","74.826","712"
"XAGUSD","15m","2025-12-26T11:30:00Z","74.831","74.846","74.61","74.634","1004"
"XAGUSD","15m","2025-12-26T11:45:00Z","74.634","74.801","74.63","74.766","490"
"XAGUSD","15m","2025-12-26T12:00:00Z","74.771","74.877","74.746","74.861","1448"
"XAGUSD","15m","2025-12-26T12:15:00Z","74.859","75.635","74.8251","75.555","2505"
"XAGUSD","15m","2025-12-26T12:30:00Z","75.555","75.601","74.898","75.063","2134"
"XAGUSD","15m","2025-12-26T12:45:00Z","75.0625","75.075","74.676","74.868","1777"
"XAGUSD","15m","2025-12-26T13:00:00Z","74.868","74.904","74.1551","74.363","3160"
"XAGUSD","15m","2025-12-26T13:15:00Z","74.362","74.538","73.5841","73.883","3611"
"XAGUSD","15m","2025-12-26T13:30:00Z","73.878","74.205","73.5655","74.14","3288"
"XAGUSD","15m","2025-12-26T13:45:00Z","74.14","74.474","73.885","74.448","2360"
"XAGUSD","15m","2025-12-26T14:00:00Z","74.448","74.468","74.138","74.303","1663"
"XAGUSD","15m","2025-12-26T14:15:00Z","74.303","74.363","74.16","74.318","1048"
"XAGUSD","15m","2025-12-26T14:30:00Z","74.323","74.453","74.318","74.371","1069"
"XAGUSD","15m","2025-12-26T14:45:00Z","74.372","74.524","74.078","74.148","1433"
"XAGUSD","15m","2025-12-26T15:00:00Z","74.148","74.789","73.887","74.646","6686"
"XAGUSD","15m","2025-12-26T15:15:00Z","74.646","74.771","74.295","74.57","5389"
"XAGUSD","15m","2025-12-26T15:30:00Z","74.572","74.818","74.2241","74.243","8630"
"XAGUSD","15m","2025-12-26T15:45:00Z","74.248","74.735","74.045","74.611","6726"
"XAGUSD","15m","2025-12-26T16:00:00Z","74.615","74.831","74.539","74.757","3293"
"XAGUSD","15m","2025-12-26T16:15:00Z","74.762","75.074","74.762","74.821","3571"
"XAGUSD","15m","2025-12-26T16:30:00Z","74.824","75.138","74.3652","74.439","7629"
"XAGUSD","15m","2025-12-26T16:45:00Z","74.435","75.421","74.268","74.888","6374"
"XAGUSD","15m","2025-12-26T17:00:00Z","74.888","75.498","74.872","75.284","6228"
"XAGUSD","15m","2025-12-26T17:15:00Z","75.284","75.759","75.096","75.714","4517"
"XAGUSD","15m","2025-12-26T17:30:00Z","75.709","75.904","75.35","75.549","4382"
"XAGUSD","15m","2025-12-26T17:45:00Z","75.548","76.079","75.492","76.013","4324"
"XAGUSD","15m","2025-12-26T18:00:00Z","76.013","76.179","75.5441","75.658","5101"
"XAGUSD","15m","2025-12-26T18:15:00Z","75.643","76.254","75.4741","76.149","6284"
"XAGUSD","15m","2025-12-26T18:30:00Z","76.149","76.379","75.949","76.254","3569"
"XAGUSD","15m","2025-12-26T18:45:00Z","76.254","76.479","75.984","76.314","3724"
"XAGUSD","15m","2025-12-26T19:00:00Z","76.314","76.502","76.1341","76.184","3294"
"XAGUSD","15m","2025-12-26T19:15:00Z","76.189","76.189","75.789","75.944","3987"
"XAGUSD","15m","2025-12-26T19:30:00Z","75.944","76.17","75.691","76.085","4763"
"XAGUSD","15m","2025-12-26T19:45:00Z","76.075","76.494","76.0441","76.436","3615"
"XAGUSD","15m","2025-12-26T20:00:00Z","76.405","76.576","76.313","76.509","4951"
"XAGUSD","15m","2025-12-26T20:15:00Z","76.509","77.102","76.452","76.827","5373"
"XAGUSD","15m","2025-12-26T20:30:00Z","76.826","77.176","76.707","77.151","4339"
"XAGUSD","15m","2025-12-26T20:45:00Z","77.151","77.398","77.068","77.276","3256"
"XAGUSD","15m","2025-12-26T21:00:00Z","77.276","77.456","76.999","77.426","2628"
"XAGUSD","15m","2025-12-26T21:15:00Z","77.426","77.655","77.389","77.452","4627"
"XAGUSD","15m","2025-12-26T21:30:00Z","77.451","77.492","77.225","77.262","4317"
"XAGUSD","15m","2025-12-26T21:45:00Z","77.262","77.3441","76.98","77.303","3373"
"XAGUSD","15m","2025-12-26T22:00:00Z","77.298","77.889","77.283","77.813","3687"
"XAGUSD","15m","2025-12-26T22:15:00Z","77.818","78.135","77.768","77.862","4048"
"XAGUSD","15m","2025-12-26T22:30:00Z","77.862","78.368","77.729","78.317","3200"
"XAGUSD","15m","2025-12-26T22:45:00Z","78.312","78.535","78.214","78.425","4006"
"XAGUSD","15m","2025-12-26T23:00:00Z","78.425","78.518","78.174","78.496","1723"
"XAGUSD","15m","2025-12-26T23:15:00Z","78.497","79.17","78.455","78.966","2434"
"XAGUSD","15m","2025-12-26T23:30:00Z","78.965","79.2941","78.929","79.193","2761"
"XAGUSD","15m","2025-12-26T23:45:00Z","79.205","79.287","79.009","79.247","1923"
"XAGUSD","15m","2025-12-29T01:00:00Z","81.445","85.8221","80.6345","82.5043","5186"
"XAGUSD","15m","2025-12-29T01:15:00Z","82.5047","83.9196","82.496","82.872","3092"
"XAGUSD","15m","2025-12-29T01:30:00Z","82.872","82.9089","81.8417","82.0337","4200"
"XAGUSD","15m","2025-12-29T01:45:00Z","82.0553","82.3947","81.6727","81.8037","3239"
"XAGUSD","15m","2025-12-29T02:00:00Z","81.8087","81.8687","80.7641","80.9241","4169"
"XAGUSD","15m","2025-12-29T02:15:00Z","80.9243","80.9403","75.1957","75.591","8536"
"XAGUSD","15m","2025-12-29T02:30:00Z","75.591","77.4698","74.7995","76.4679","7745"
"XAGUSD","15m","2025-12-29T02:45:00Z","76.4679","77.7027","76.463","76.772","4053"
"XAGUSD","15m","2025-12-29T03:00:00Z","76.772","78.4763","76.0179","78.155","7949"
"XAGUSD","15m","2025-12-29T03:15:00Z","78.175","78.7563","76.773","77.2682","6014"
"XAGUSD","15m","2025-12-29T03:30:00Z","77.2582","77.8737","76.1665","76.7587","6602"
"XAGUSD","15m","2025-12-29T03:45:00Z","76.7587","77.4403","76.6037","76.9287","6001"
"XAGUSD","15m","2025-12-29T04:00:00Z","76.9137","77.8097","76.873","77.76","5570"
"XAGUSD","15m","2025-12-29T04:15:00Z","77.76","78.5237","77.5437","78.374","3895"
"XAGUSD","15m","2025-12-29T04:30:00Z","78.374","78.5043","77.7641","78.1643","4149"
"XAGUSD","15m","2025-12-29T04:45:00Z","78.1643","78.5517","78.008","78.3067","3206"
"XAGUSD","15m","2025-12-29T05:00:00Z","78.2984","79.7324","78.2927","79.4547","3085"
"XAGUSD","15m","2025-12-29T05:15:00Z","79.4547","80.5947","79.3712","79.9787","4136"
"XAGUSD","15m","2025-12-29T05:30:00Z","79.983","80.802","79.9487","80.6327","3622"
"XAGUSD","15m","2025-12-29T05:45:00Z","80.6327","80.6627","80.1938","80.3397","2818"
"XAGUSD","15m","2025-12-29T06:00:00Z","80.3323","80.3507","79.331","79.6748","4181"
"XAGUSD","15m","2025-12-29T06:15:00Z","79.6748","80.1697","79.5108","80.0947","3137"
"XAGUSD","15m","2025-12-29T06:30:00Z","80.099","80.2843","79.7843","79.9092","3129"
"XAGUSD","15m","2025-12-29T06:45:00Z","79.9102","79.9278","79.528","79.7947","1758"
"XAGUSD","15m","2025-12-29T07:00:00Z","79.7947","79.7947","79.1541","79.4253","2588"
"XAGUSD","15m","2025-12-29T07:15:00Z","79.4247","79.7597","79.419","79.4527","1769"
"XAGUSD","15m","2025-12-29T07:30:00Z","79.4583","80.2927","79.1857","79.9983","4655"
"XAGUSD","15m","2025-12-29T07:45:00Z","79.9983","80.5027","78.6989","79.0797","5206"
"XAGUSD","15m","2025-12-29T08:00:00Z","79.0797","79.3587","77.5875","78.6197","8943"
"XAGUSD","15m","2025-12-29T08:15:00Z","78.6197","78.817","77.854","77.935","6726"
"XAGUSD","15m","2025-12-29T08:30:00Z","77.93","78.3657","76.955","77.2147","6209"
"XAGUSD","15m","2025-12-29T08:45:00Z","77.2147","77.2197","75.124","75.85","7354"
"XAGUSD","15m","2025-12-29T09:00:00Z","75.835","76.568","74.924","76.554","7882"
"XAGUSD","15m","2025-12-29T09:15:00Z","76.5547","76.927","75.581","75.9317","4709"
"XAGUSD","15m","2025-12-29T09:30:00Z","75.951","76.467","75.8579","76.2167","3125"
"XAGUSD","15m","2025-12-29T09:45:00Z","76.2167","76.599","75.695","76.026","3406"
"XAGUSD","15m","2025-12-29T10:00:00Z","76.026","76.518","75.7553","76.442","3219"
"XAGUSD","15m","2025-12-29T10:15:00Z","76.442","76.5437","75.958","75.9697","2612"
"XAGUSD","15m","2025-12-29T10:30:00Z","75.9697","76.004","75.655","75.7397","2804"
"XAGUSD","15m","2025-12-29T10:45:00Z","75.7447","75.8319","74.234","74.481","4650"
"XAGUSD","15m","2025-12-29T11:00:00Z","74.481","75.304","74.48","75.228","5037"
"XAGUSD","15m","2025-12-29T11:15:00Z","75.227","75.2277","74.5104","74.9375","5052"
"XAGUSD","15m","2025-12-29T11:30:00Z","74.9382","75.743","74.796","75.739","3350"
"XAGUSD","15m","2025-12-29T11:45:00Z","75.74","75.75","75.305","75.722","2265"
"XAGUSD","15m","2025-12-29T12:00:00Z","75.717","75.876","75.562","75.63","2104"
"XAGUSD","15m","2025-12-29T12:15:00Z","75.63","75.6422","75.117","75.123","3051"
"XAGUSD","15m","2025-12-29T12:30:00Z","75.127","75.553","74.955","75.22","3621"
"XAGUSD","15m","2025-12-29T12:45:00Z","75.22","75.56","75.192","75.558","588"
"XAGUSD","15m","2025-12-29T13:00:00Z","75.558","75.558","75.14","75.355","1982"
"XAGUSD","15m","2025-12-29T13:15:00Z","75.355","75.792","75.3247","75.7557","1390"
"XAGUSD","15m","2025-12-29T13:30:00Z","75.7557","75.779","75.034","75.286","2238"
"XAGUSD","15m","2025-12-29T13:45:00Z","75.286","75.3177","73.957","74.345","3989"
"XAGUSD","15m","2025-12-29T14:00:00Z","74.345","74.9485","74.3431","74.8614","4955"
"XAGUSD","15m","2025-12-29T14:15:00Z","74.8585","75.2354","74.7857","75.2017","2464"
"XAGUSD","15m","2025-12-29T14:30:00Z","75.197","75.3667","75.0022","75.2251","2187"
"XAGUSD","15m","2025-12-29T14:45:00Z","75.2251","75.291","74.83","75.271","2414"
"XAGUSD","15m","2025-12-29T15:00:00Z","75.26","76.0946","75.0335","75.4515","7514"
"XAGUSD","15m","2025-12-29T15:15:00Z","75.4515","75.7374","74.564","74.7995","7161"
"XAGUSD","15m","2025-12-29T15:30:00Z","74.7995","74.7995","72.9375","73.499","6941"
"XAGUSD","15m","2025-12-29T15:45:00Z","73.4962","73.915","72.852","73.8259","8783"
"XAGUSD","15m","2025-12-29T16:00:00Z","73.8264","73.8264","72.213","72.755","11761"
"XAGUSD","15m","2025-12-29T16:15:00Z","72.755","72.9519","72.1417","72.373","7209"
"XAGUSD","15m","2025-12-29T16:30:00Z","72.3725","73.1117","71.822","72.5697","14401"
"XAGUSD","15m","2025-12-29T16:45:00Z","72.5737","73.312","72.4852","72.657","11244"
"XAGUSD","15m","2025-12-29T17:00:00Z","72.6565","72.6565","71.781","72.442","10980"
"XAGUSD","15m","2025-12-29T17:15:00Z","72.442","72.4807","70.9055","70.9785","11553"
"XAGUSD","15m","2025-12-29T17:30:00Z","70.9785","71.6289","70.501","71.3025","7453"
"XAGUSD","15m","2025-12-29T17:45:00Z","71.3","71.6175","70.904","71.364","3397"
"XAGUSD","15m","2025-12-29T18:00:00Z","71.36","72.315","71.279","71.97","6512"
"XAGUSD","15m","2025-12-29T18:15:00Z","71.975","71.98","71.17","71.334","4772"
"XAGUSD","15m","2025-12-29T18:30:00Z","71.338","71.964","71.304","71.809","3301"
"XAGUSD","15m","2025-12-29T18:45:00Z","71.794","72.694","71.789","72.424","3501"
"XAGUSD","15m","2025-12-29T19:00:00Z","72.424","72.654","72.034","72.384","3785"
"XAGUSD","15m","2025-12-29T19:15:00Z","72.379","72.4947","71.8056","71.987","3003"
"XAGUSD","15m","2025-12-29T19:30:00Z","71.997","72.017","71.3765","71.459","2984"
"XAGUSD","15m","2025-12-29T19:45:00Z","71.464","71.804","71.459","71.61","1586"
"XAGUSD","15m","2025-12-29T20:00:00Z","71.61","71.763","71.0365","71.297","2883"
"XAGUSD","15m","2025-12-29T20:15:00Z","71.297","71.455","70.79","70.925","3669"
"XAGUSD","15m","2025-12-29T20:30:00Z","70.92","71.454","70.86","71.294","2297"
"XAGUSD","15m","2025-12-29T20:45:00Z","71.299","71.834","71.264","71.695","1391"
"XAGUSD","15m","2025-12-29T21:00:00Z","71.695","71.808","71.311","71.8","1164"
"XAGUSD","15m","2025-12-29T21:15:00Z","71.8","71.883","71.595","71.739","928"
"XAGUSD","15m","2025-12-29T21:30:00Z","71.759","72.165","71.759","72.08","910"
"XAGUSD","15m","2025-12-29T21:45:00Z","72.08","72.425","72.0255","72.315","1590"
"XAGUSD","15m","2025-12-29T22:00:00Z","72.315","73.0137","72.3041","73.005","1658"
"XAGUSD","15m","2025-12-29T22:15:00Z","73.005","73.018","72.658","72.954","1293"
"XAGUSD","15m","2025-12-29T22:30:00Z","72.959","73.05","72.4165","72.71","1800"
"XAGUSD","15m","2025-12-29T22:45:00Z","72.71","72.895","72.495","72.81","1212"
"XAGUSD","15m","2025-12-29T23:00:00Z","72.79","72.805","72.335","72.355","957"
"XAGUSD","15m","2025-12-29T23:15:00Z","72.355","72.515","72.075","72.11","549"
"XAGUSD","15m","2025-12-29T23:30:00Z","72.116","72.255","71.96","72.07","835"
"XAGUSD","15m","2025-12-29T23:45:00Z","72.065","72.24","72.065","72.145","342"
"XAGUSD","15m","2025-12-30T01:00:00Z","72.419","72.772","72.2923","72.302","1201"
"XAGUSD","15m","2025-12-30T01:15:00Z","72.2992","72.2992","71.12","71.871","2381"
"XAGUSD","15m","2025-12-30T01:30:00Z","71.876","72.191","71.727","72.141","1026"
"XAGUSD","15m","2025-12-30T01:45:00Z","72.146","72.6223","72.136","72.5253","2261"
"XAGUSD","15m","2025-12-30T02:00:00Z","72.5253","72.666","72.132","72.628","2619"
"XAGUSD","15m","2025-12-30T02:15:00Z","72.628","73.036","72.3641","72.991","2323"
"XAGUSD","15m","2025-12-30T02:30:00Z","72.991","73.113","72.6242","72.7982","2230"
"XAGUSD","15m","2025-12-30T02:45:00Z","72.7982","72.926","72.522","72.79","1946"
"XAGUSD","15m","2025-12-30T03:00:00Z","72.79","72.932","72.0252","72.66","4124"
"XAGUSD","15m","2025-12-30T03:15:00Z","72.685","73.133","72.662","72.7945","2666"
"XAGUSD","15m","2025-12-30T03:30:00Z","72.7954","73.6123","72.5992","73.4853","4591"
"XAGUSD","15m","2025-12-30T03:45:00Z","73.4893","73.716","73.369","73.646","5046"
"XAGUSD","15m","2025-12-30T04:00:00Z","73.646","73.671","73.1753","73.376","3192"
"XAGUSD","15m","2025-12-30T04:15:00Z","73.3764","73.5623","73.276","73.4653","2775"
"XAGUSD","15m","2025-12-30T04:30:00Z","73.4581","73.4823","73.064","73.314","2991"
"XAGUSD","15m","2025-12-30T04:45:00Z","73.319","73.9307","73.304","73.916","2703"
"XAGUSD","15m","2025-12-30T05:00:00Z","73.915","74.026","73.756","73.9927","3152"
"XAGUSD","15m","2025-12-30T05:15:00Z","73.993","74.4517","73.991","74.4367","5665"
"XAGUSD","15m","2025-12-30T05:30:00Z","74.4367","74.6267","74.3367","74.4977","4137"
"XAGUSD","15m","2025-12-30T05:45:00Z","74.499","74.5277","74.2191","74.342","1581"
"XAGUSD","15m","2025-12-30T06:00:00Z","74.352","74.63","74.347","74.567","1962"
"XAGUSD","15m","2025-12-30T06:15:00Z","74.567","74.6137","74.4417","74.5041","2375"
"XAGUSD","15m","2025-12-30T06:30:00Z","74.5042","74.63","74.431","74.512","1973"
"XAGUSD","15m","2025-12-30T06:45:00Z","74.507","74.5427","74.31","74.447","1000"
"XAGUSD","15m","2025-12-30T07:00:00Z","74.457","74.487","73.9441","74.208","2275"
"XAGUSD","15m","2025-12-30T07:15:00Z","74.204","74.62","74.167","74.4067","2823"
"XAGUSD","15m","2025-12-30T07:30:00Z","74.4067","74.968","74.396","74.793","3743"
"XAGUSD","15m","2025-12-30T07:45:00Z","74.7997","75.1787","74.755","75.057","3638"
"XAGUSD","15m","2025-12-30T08:00:00Z","75.047","75.0977","74.815","74.8817","2737"
"XAGUSD","15m","2025-12-30T08:15:00Z","74.889","74.9427","74.372","74.6727","4373"
"XAGUSD","15m","2025-12-30T08:30:00Z","74.6727","75.022","74.6425","74.8481","3055"
"XAGUSD","15m","2025-12-30T08:45:00Z","74.8481","75.122","74.797","74.892","2240"
"XAGUSD","15m","2025-12-30T09:00:00Z","74.8987","74.8987","74.259","74.6737","2224"
"XAGUSD","15m","2025-12-30T09:15:00Z","74.6737","74.742","74.5595","74.692","1621"
"XAGUSD","15m","2025-12-30T09:30:00Z","74.6897","74.9425","74.582","74.927","1489"
"XAGUSD","15m","2025-12-30T09:45:00Z","74.922","75.0927","74.788","74.878","1872"
"XAGUSD","15m","2025-12-30T10:00:00Z","74.878","74.9387","74.585","74.767","2630"
"XAGUSD","15m","2025-12-30T10:15:00Z","74.767","74.868","74.0641","74.142","2574"
"XAGUSD","15m","2025-12-30T10:30:00Z","74.147","74.301","73.83","73.8641","2371"
"XAGUSD","15m","2025-12-30T10:45:00Z","73.8641","74.336","73.826","74.278","2485"
"XAGUSD","15m","2025-12-30T11:00:00Z","74.278","74.686","74.181","74.576","2213"
"XAGUSD","15m","2025-12-30T11:15:00Z","74.572","74.647","74.326","74.3587","2421"
"XAGUSD","15m","2025-12-30T11:30:00Z","74.358","74.6177","74.3567","74.4027","1667"
"XAGUSD","15m","2025-12-30T11:45:00Z","74.404","74.696","74.329","74.601","1383"
"XAGUSD","15m","2025-12-30T12:00:00Z","74.601","74.7167","74.351","74.466","1648"
"XAGUSD","15m","2025-12-30T12:15:00Z","74.466","74.5661","74.377","74.416","1896"
"XAGUSD","15m","2025-12-30T12:30:00Z","74.416","74.593","74.348","74.452","2841"
"XAGUSD","15m","2025-12-30T12:45:00Z","74.452","74.5197","74.3567","74.511","2170"
"XAGUSD","15m","2025-12-30T13:00:00Z","74.525","74.857","74.52","74.794","2601"
"XAGUSD","15m","2025-12-30T13:15:00Z","74.794","74.87","74.73","74.84","1936"
"XAGUSD","15m","2025-12-30T13:30:00Z","74.843","74.8807","74.746","74.813","1119"
"XAGUSD","15m","2025-12-30T13:45:00Z","74.816","74.906","74.756","74.8305","1001"
"XAGUSD","15m","2025-12-30T14:00:00Z","74.831","75.309","74.807","75.271","2284"
"XAGUSD","15m","2025-12-30T14:15:00Z","75.276","75.7607","75.266","75.5067","3746"
"XAGUSD","15m","2025-12-30T14:30:00Z","75.5067","76.136","75.466","76.013","2508"
"XAGUSD","15m","2025-12-30T14:45:00Z","76.023","76.043","75.678","76.003","2074"
"XAGUSD","15m","2025-12-30T15:00:00Z","76.003","76.521","76.002","76.441","5898"
"XAGUSD","15m","2025-12-30T15:15:00Z","76.441","76.516","76.032","76.111","4735"
"XAGUSD","15m","2025-12-30T15:30:00Z","76.116","76.1317","75.322","75.7047","5817"
"XAGUSD","15m","2025-12-30T15:45:00Z","75.7047","76.368","75.441","76.313","5433"
"XAGUSD","15m","2025-12-30T16:00:00Z","76.318","76.4947","75.8841","76.051","3491"
"XAGUSD","15m","2025-12-30T16:15:00Z","76.051","76.3067","75.79","76.219","3401"
"XAGUSD","15m","2025-12-30T16:30:00Z","76.231","76.241","75.076","75.421","6985"
"XAGUSD","15m","2025-12-30T16:45:00Z","75.4003","75.731","75.095","75.441","7094"
"XAGUSD","15m","2025-12-30T17:00:00Z","75.441","75.6767","75.147","75.488","5262"
"XAGUSD","15m","2025-12-30T17:15:00Z","75.497","76.1887","75.449","75.743","4736"
"XAGUSD","15m","2025-12-30T17:30:00Z","75.743","76.4517","75.632","76.011","4916"
"XAGUSD","15m","2025-12-30T17:45:00Z","76.012","76.3407","75.97","76.046","4830"
"XAGUSD","15m","2025-12-30T18:00:00Z","76.046","76.161","75.756","75.966","4263"
"XAGUSD","15m","2025-12-30T18:15:00Z","75.966","76.468","75.926","76.262","4425"
"XAGUSD","15m","2025-12-30T18:30:00Z","76.268","76.37","76.068","76.318","3169"
"XAGUSD","15m","2025-12-30T18:45:00Z","76.318","77.118","76.188","77.003","3889"
"XAGUSD","15m","2025-12-30T19:00:00Z","77.012","77.494","76.955","77.136","4549"
"XAGUSD","15m","2025-12-30T19:15:00Z","77.13","77.718","77.078","77.656","3644"
"XAGUSD","15m","2025-12-30T19:30:00Z","77.657","77.778","77.2041","77.402","4551"
"XAGUSD","15m","2025-12-30T19:45:00Z","77.403","77.669","77.2365","77.539","5236"
"XAGUSD","15m","2025-12-30T20:00:00Z","77.524","78.061","77.413","77.839","4103"
"XAGUSD","15m","2025-12-30T20:15:00Z","77.839","77.959","77.566","77.796","4334"
"XAGUSD","15m","2025-12-30T20:30:00Z","77.801","77.826","77.2341","77.4347","3491"
"XAGUSD","15m","2025-12-30T20:45:00Z","77.4407","77.593","77.325","77.5015","2889"
"XAGUSD","15m","2025-12-30T21:00:00Z","77.495","77.734","77.382","77.4907","2415"
"XAGUSD","15m","2025-12-30T21:15:00Z","77.4947","77.739","77.439","77.719","1885"
"XAGUSD","15m","2025-12-30T21:30:00Z","77.698","77.7197","77.3377","77.464","2345"
"XAGUSD","15m","2025-12-30T21:45:00Z","77.4647","77.4747","75.8841","76.204","4946"
"XAGUSD","15m","2025-12-30T22:00:00Z","76.199","76.264","75.365","75.974","4205"
"XAGUSD","15m","2025-12-30T22:15:00Z","75.9797","76.3477","75.651","76.2327","3046"
"XAGUSD","15m","2025-12-30T22:30:00Z","76.2327","76.7407","76.1907","76.301","3125"
"XAGUSD","15m","2025-12-30T22:45:00Z","76.301","76.511","75.849","76.06","3845"
"XAGUSD","15m","2025-12-30T23:00:00Z","76.055","76.635","75.999","76.53","1647"
"XAGUSD","15m","2025-12-30T23:15:00Z","76.515","76.5267","76.133","76.424","1203"
"XAGUSD","15m","2025-12-30T23:30:00Z","76.423","76.6531","76.421","76.626","924"
"XAGUSD","15m","2025-12-30T23:45:00Z","76.6267","76.6467","76.0541","76.214","1497"
"XAGUSD","15m","2025-12-31T01:00:00Z","76.3515","76.414","75.508","75.884","1250"
"XAGUSD","15m","2025-12-31T01:15:00Z","75.884","76.069","74.598","75.371","2046"
"XAGUSD","15m","2025-12-31T01:30:00Z","75.363","75.617","74.682","75.2225","2694"
"XAGUSD","15m","2025-12-31T01:45:00Z","75.2175","75.332","74.8345","75.203","1555"
"XAGUSD","15m","2025-12-31T02:00:00Z","75.208","75.382","74.97","74.997","1306"
"XAGUSD","15m","2025-12-31T02:15:00Z","74.995","74.995","74.441","74.6576","1945"
"XAGUSD","15m","2025-12-31T02:30:00Z","74.6506","74.738","74.2051","74.472","2522"
"XAGUSD","15m","2025-12-31T02:45:00Z","74.472","74.7234","74.257","74.696","2504"
"XAGUSD","15m","2025-12-31T03:00:00Z","74.696","75.416","74.446","75.176","6384"
"XAGUSD","15m","2025-12-31T03:15:00Z","75.176","75.286","74.896","75.0221","2615"
"XAGUSD","15m","2025-12-31T03:30:00Z","75.0221","75.687","75.006","75.5986","3323"
"XAGUSD","15m","2025-12-31T03:45:00Z","75.5986","75.681","75.391","75.4317","2623"
"XAGUSD","15m","2025-12-31T04:00:00Z","75.4317","75.792","75.195","75.282","2738"
"XAGUSD","15m","2025-12-31T04:15:00Z","75.301","75.482","74.7141","74.9836","2333"
"XAGUSD","15m","2025-12-31T04:30:00Z","75.022","75.39","74.7341","75.2835","4131"
"XAGUSD","15m","2025-12-31T04:45:00Z","75.2835","75.292","72.762","73.131","5682"
"XAGUSD","15m","2025-12-31T05:00:00Z","73.136","73.43","72.4265","73.423","4245"
"XAGUSD","15m","2025-12-31T05:15:00Z","73.423","73.429","71.935","72.566","5622"
"XAGUSD","15m","2025-12-31T05:30:00Z","72.566","72.716","72.231","72.452","2120"
"XAGUSD","15m","2025-12-31T05:45:00Z","72.451","72.506","71.948","72.059","2920"
"XAGUSD","15m","2025-12-31T06:00:00Z","72.0678","72.6276","71.786","72.506","2733"
"XAGUSD","15m","2025-12-31T06:15:00Z","72.506","72.711","72.0797","72.591","1569"
"XAGUSD","15m","2025-12-31T06:30:00Z","72.6","72.7666","72.261","72.441","1422"
"XAGUSD","15m","2025-12-31T06:45:00Z","72.446","72.461","71.483","71.7125","1985"
"XAGUSD","15m","2025-12-31T07:00:00Z","71.7125","71.7585","71.4235","71.6475","2818"
"XAGUSD","15m","2025-12-31T07:15:00Z","71.6475","72.4943","71.5927","72.3801","2466"
"XAGUSD","15m","2025-12-31T07:30:00Z","72.3801","72.3936","71.088","71.328","6716"
"XAGUSD","15m","2025-12-31T07:45:00Z","71.3455","71.66","70.729","70.934","6473"
"XAGUSD","15m","2025-12-31T08:00:00Z","70.934","71.31","70.483","71.137","6124"
"XAGUSD","15m","2025-12-31T08:15:00Z","71.137","71.487","70.7641","71.0115","2546"
"XAGUSD","15m","2025-12-31T08:30:00Z","71.0115","71.543","70.9545","71.356","1721"
"XAGUSD","15m","2025-12-31T08:45:00Z","71.361","71.873","71.326","71.7745","3373"
"XAGUSD","15m","2025-12-31T09:00:00Z","71.7885","71.9857","71.523","71.777","2759"
"XAGUSD","15m","2025-12-31T09:15:00Z","71.7735","72.279","71.716","72.254","2035"
"XAGUSD","15m","2025-12-31T09:30:00Z","72.254","72.489","72.154","72.334","1264"
"XAGUSD","15m","2025-12-31T09:45:00Z","72.334","72.384","72.079","72.2337","1151"
"XAGUSD","15m","2025-12-31T10:00:00Z","72.2377","72.319","71.9491","72.228","2113"
"XAGUSD","15m","2025-12-31T10:15:00Z","72.228","72.3897","72.082","72.184","2143"
"XAGUSD","15m","2025-12-31T10:30:00Z","72.184","72.239","72.015","72.052","2136"
"XAGUSD","15m","2025-12-31T10:45:00Z","72.052","72.073","71","71.002","3295"
"XAGUSD","15m","2025-12-31T11:00:00Z","71.023","72.079","71.018","71.914","2476"
"XAGUSD","15m","2025-12-31T11:15:00Z","71.914","72.154","71.8156","72.054","1903"
"XAGUSD","15m","2025-12-31T11:30:00Z","72.054","72.476","71.971","72.389","1987"
"XAGUSD","15m","2025-12-31T11:45:00Z","72.389","72.412","71.862","71.866","2118"
"XAGUSD","15m","2025-12-31T12:00:00Z","71.866","72.241","71.865","72.029","1921"
"XAGUSD","15m","2025-12-31T12:15:00Z","72.029","72.12","71.957","71.967","1560"
"XAGUSD","15m","2025-12-31T12:30:00Z","71.967","71.967","71.561","71.748","2348"
"XAGUSD","15m","2025-12-31T12:45:00Z","71.744","71.9517","71.707","71.876","2207"
"XAGUSD","15m","2025-12-31T13:00:00Z","71.876","72.1","71.697","72.045","1975"
"XAGUSD","15m","2025-12-31T13:15:00Z","72.049","72.138","71.904","71.954","1230"
"XAGUSD","15m","2025-12-31T13:30:00Z","71.949","72.1947","71.894","72.189","1580"
"XAGUSD","15m","2025-12-31T13:45:00Z","72.194","72.314","71.928","71.931","1942"
"XAGUSD","15m","2025-12-31T14:00:00Z","71.929","72.035","71.489","71.696","2688"
"XAGUSD","15m","2025-12-31T14:15:00Z","71.696","71.757","71.297","71.395","2359"
"XAGUSD","15m","2025-12-31T14:30:00Z","71.394","71.804","71.377","71.702","1916"
"XAGUSD","15m","2025-12-31T14:45:00Z","71.706","71.895","71.668","71.879","1589"
"XAGUSD","15m","2025-12-31T15:00:00Z","71.879","71.938","71.538","71.771","2068"
"XAGUSD","15m","2025-12-31T15:15:00Z","71.771","72.0945","71.731","72.0895","2797"
"XAGUSD","15m","2025-12-31T15:30:00Z","72.0872","72.351","72.015","72.264","2996"
"XAGUSD","15m","2025-12-31T15:45:00Z","72.259","72.398","72.104","72.209","3463"
"XAGUSD","15m","2025-12-31T16:00:00Z","72.205","72.315","71.665","72.315","4076"
"XAGUSD","15m","2025-12-31T16:15:00Z","72.315","72.772","72.213","72.296","4813"
"XAGUSD","15m","2025-12-31T16:30:00Z","72.296","73.2577","72.08","73.034","7762"
"XAGUSD","15m","2025-12-31T16:45:00Z","73.034","73.763","72.929","73.391","6087"
"XAGUSD","15m","2025-12-31T17:00:00Z","73.391","73.564","72.709","72.836","6780"
"XAGUSD","15m","2025-12-31T17:15:00Z","72.834","72.919","72.315","72.774","6111"
"XAGUSD","15m","2025-12-31T17:30:00Z","72.774","72.94","72.211","72.3177","4620"
"XAGUSD","15m","2025-12-31T17:45:00Z","72.3177","72.465","72.091","72.391","4900"
"XAGUSD","15m","2025-12-31T18:00:00Z","72.389","72.5217","71.7","71.751","5028"
"XAGUSD","15m","2025-12-31T18:15:00Z","71.751","71.932","71.584","71.7167","4175"
"XAGUSD","15m","2025-12-31T18:30:00Z","71.7187","71.917","71.433","71.594","3489"
"XAGUSD","15m","2025-12-31T18:45:00Z","71.594","71.842","71.428","71.712","3357"
"XAGUSD","15m","2025-12-31T19:00:00Z","71.713","72.009","71.598","71.715","3339"
"XAGUSD","15m","2025-12-31T19:15:00Z","71.715","71.8007","71.3341","71.416","3135"
"XAGUSD","15m","2025-12-31T19:30:00Z","71.416","71.671","71.258","71.382","3574"
"XAGUSD","15m","2025-12-31T19:45:00Z","71.387","71.457","71.116","71.283","3288"
"XAGUSD","15m","2025-12-31T20:00:00Z","71.283","71.598","71.176","71.431","3401"
"XAGUSD","15m","2025-12-31T20:15:00Z","71.431","71.586","71.055","71.47","2595"
"XAGUSD","15m","2025-12-31T20:30:00Z","71.47","71.88","71.226","71.593","2011"
"XAGUSD","15m","2025-12-31T20:45:00Z","71.593","71.66","71.358","71.613","2188"
"XAGUSD","15m","2025-12-31T21:00:00Z","71.623","71.805","71.2725","71.449","2661"
"XAGUSD","15m","2025-12-31T21:15:00Z","71.454","71.489","71.277","71.365","1071"
"XAGUSD","15m","2025-12-31T21:30:00Z","71.365","71.38","70.4148","70.611","7168"
"XAGUSD","15m","2025-12-31T21:45:00Z","70.5923","70.843","70.3712","70.447","6934"
"XAGUSD","15m","2025-12-31T22:00:00Z","70.447","70.6486","70.0302","70.6295","6329"
"XAGUSD","15m","2025-12-31T22:15:00Z","70.6305","70.9932","70.5245","70.9113","4831"
"XAGUSD","15m","2025-12-31T22:30:00Z","70.9162","71.415","70.8787","71.277","5266"
"XAGUSD","15m","2025-12-31T22:45:00Z","71.277","71.3046","70.8415","71.0573","5548"
"XAGUSD","15m","2025-12-31T23:00:00Z","71.0573","71.169","70.9669","71.053","1167"
"XAGUSD","15m","2025-12-31T23:15:00Z","71.053","71.074","70.932","71.074","971"
"XAGUSD","15m","2025-12-31T23:30:00Z","71.074","71.549","71.0299","71.4519","1289"
"XAGUSD","15m","2025-12-31T23:45:00Z","71.4526","71.625","71.3422","71.605","1598"
"XAGUSD","15m","2026-01-02T01:00:00Z","71.4204","72.276","71.1805","72.1405","1825"
"XAGUSD","15m","2026-01-02T01:15:00Z","72.1455","72.6205","72.037","72.331","2150"
"XAGUSD","15m","2026-01-02T01:30:00Z","72.4543","73.048","72.336","72.8405","2156"
"XAGUSD","15m","2026-01-02T01:45:00Z","72.8585","72.8618","72.499","72.6543","3987"
"XAGUSD","15m","2026-01-02T02:00:00Z","72.6543","73.01","72.5714","72.81","2405"
"XAGUSD","15m","2026-01-02T02:15:00Z","72.809","72.83","71.933","72.427","2660"
"XAGUSD","15m","2026-01-02T02:30:00Z","72.427","72.737","72.11","72.6932","1905"
"XAGUSD","15m","2026-01-02T02:45:00Z","72.702","72.924","72.4616","72.6785","1421"
"XAGUSD","15m","2026-01-02T03:00:00Z","72.6785","72.828","72.281","72.4755","2125"
"XAGUSD","15m","2026-01-02T03:15:00Z","72.4755","72.7612","72.4585","72.7482","1682"
"XAGUSD","15m","2026-01-02T03:30:00Z","72.7482","72.8147","72.524","72.615","1864"
"XAGUSD","15m","2026-01-02T03:45:00Z","72.615","72.982","72.58","72.7882","2052"
"XAGUSD","15m","2026-01-02T04:00:00Z","72.7882","72.982","72.7782","72.871","952"
"XAGUSD","15m","2026-01-02T04:15:00Z","72.8777","72.8967","72.473","72.512","2211"
"XAGUSD","15m","2026-01-02T04:30:00Z","72.4977","72.6777","72.205","72.528","3260"
"XAGUSD","15m","2026-01-02T04:45:00Z","72.5221","72.8801","72.52","72.855","1301"
"XAGUSD","15m","2026-01-02T05:00:00Z","72.845","73.0262","72.829","72.9212","1605"
"XAGUSD","15m","2026-01-02T05:15:00Z","72.9222","73.104","72.7357","72.9672","1746"
"XAGUSD","15m","2026-01-02T05:30:00Z","72.9672","73.278","72.925","73.263","2022"
"XAGUSD","15m","2026-01-02T05:45:00Z","73.2531","73.5607","73.2331","73.356","2255"
"XAGUSD","15m","2026-01-02T06:00:00Z","73.355","73.6867","73.29","73.5217","3871"
"XAGUSD","15m","2026-01-02T06:15:00Z","73.5217","73.6137","73.3217","73.3987","2833"
"XAGUSD","15m","2026-01-02T06:30:00Z","73.398","73.5084","73.213","73.453","1255"
"XAGUSD","15m","2026-01-02T06:45:00Z","73.445","73.519","73.2044","73.351","1069"
"XAGUSD","15m","2026-01-02T07:00:00Z","73.367","73.686","73.148","73.548","2257"
"XAGUSD","15m","2026-01-02T07:15:00Z","73.548","73.938","73.5332","73.8621","2378"
"XAGUSD","15m","2026-01-02T07:30:00Z","73.862","73.936","73.758","73.872","1613"
"XAGUSD","15m","2026-01-02T07:45:00Z","73.872","74.003","73.8291","73.956","1173"
"XAGUSD","15m","2026-01-02T08:00:00Z","73.956","73.981","73.757","73.773","1671"
"XAGUSD","15m","2026-01-02T08:15:00Z","73.7727","74.133","73.7034","74.092","2616"
"XAGUSD","15m","2026-01-02T08:30:00Z","74.092","74.2037","73.9884","74.09","1460"
"XAGUSD","15m","2026-01-02T08:45:00Z","74.09","74.17","73.9094","73.9254","1575"
"XAGUSD","15m","2026-01-02T09:00:00Z","73.9294","74.051","73.692","73.87","2075"
"XAGUSD","15m","2026-01-02T09:15:00Z","73.87","73.934","73.668","73.876","1333"
"XAGUSD","15m","2026-01-02T09:30:00Z","73.8754","74.028","73.746","73.769","1272"
"XAGUSD","15m","2026-01-02T09:45:00Z","73.769","74.051","73.75","74.019","1362"
"XAGUSD","15m","2026-01-02T10:00:00Z","74.0154","74.4807","73.961","74.469","2171"
"XAGUSD","15m","2026-01-02T10:15:00Z","74.469","74.521","74.319","74.484","1804"
"XAGUSD","15m","2026-01-02T10:30:00Z","74.487","74.5277","74.4077","74.4927","1681"
"XAGUSD","15m","2026-01-02T10:45:00Z","74.4917","74.5404","74.391","74.416","1923"
"XAGUSD","15m","2026-01-02T11:00:00Z","74.417","74.5197","74.33","74.497","1827"
"XAGUSD","15m","2026-01-02T11:15:00Z","74.497","74.5314","74.353","74.472","1880"
"XAGUSD","15m","2026-01-02T11:30:00Z","74.472","74.537","74.449","74.505","1074"
"XAGUSD","15m","2026-01-02T11:45:00Z","74.505","74.523","74.387","74.399","1175"
"XAGUSD","15m","2026-01-02T12:00:00Z","74.399","74.5111","74.386","74.461","1230"
"XAGUSD","15m","2026-01-02T12:15:00Z","74.461","74.518","74.327","74.409","1284"
"XAGUSD","15m","2026-01-02T12:30:00Z","74.411","74.517","74.3241","74.488","2109"
"XAGUSD","15m","2026-01-02T12:45:00Z","74.488","74.528","74.463","74.474","1054"
"XAGUSD","15m","2026-01-02T13:00:00Z","74.474","74.526","74.451","74.503","1003"
"XAGUSD","15m","2026-01-02T13:15:00Z","74.503","74.557","74.338","74.3644","1152"
"XAGUSD","15m","2026-01-02T13:30:00Z","74.3644","74.4657","74.339","74.435","1416"
"XAGUSD","15m","2026-01-02T13:45:00Z","74.435","74.443","74.1047","74.2047","1584"
"XAGUSD","15m","2026-01-02T14:00:00Z","74.2017","74.3177","74.092","74.2677","1700"
"XAGUSD","15m","2026-01-02T14:15:00Z","74.244","74.3347","74.187","74.2157","1561"
"XAGUSD","15m","2026-01-02T14:30:00Z","74.214","74.2741","73.81","73.964","2144"
"XAGUSD","15m","2026-01-02T14:45:00Z","73.984","74.054","73.792","73.993","2464"
"XAGUSD","15m","2026-01-02T15:00:00Z","73.993","74.145","73.8916","74.097","2157"
"XAGUSD","15m","2026-01-02T15:15:00Z","74.096","74.14","73.53","73.691","5002"
"XAGUSD","15m","2026-01-02T15:30:00Z","73.704","73.9407","73.653","73.867","4691"
"XAGUSD","15m","2026-01-02T15:45:00Z","73.866","74.136","73.79","73.869","3152"
"XAGUSD","15m","2026-01-02T16:00:00Z","73.869","74.211","73.834","74.072","3821"
"XAGUSD","15m","2026-01-02T16:15:00Z","74.072","74.42","73.985","74.2107","3008"
"XAGUSD","15m","2026-01-02T16:30:00Z","74.2141","74.291","73.161","73.515","11625"
"XAGUSD","15m","2026-01-02T16:45:00Z","73.513","74.054","73.457","73.561","7450"
"XAGUSD","15m","2026-01-02T17:00:00Z","73.554","73.8445","73.014","73.24","7133"
"XAGUSD","15m","2026-01-02T17:15:00Z","73.24","73.374","72.711","72.861","10142"
"XAGUSD","15m","2026-01-02T17:30:00Z","72.858","73.404","72.661","73.309","7206"
"XAGUSD","15m","2026-01-02T17:45:00Z","73.309","73.341","72.5652","72.616","6879"
"XAGUSD","15m","2026-01-02T18:00:00Z","72.611","72.668","71.7441","71.795","9057"
"XAGUSD","15m","2026-01-02T18:15:00Z","71.795","72.0427","71.6017","71.995","7473"
"XAGUSD","15m","2026-01-02T18:30:00Z","71.992","72.2837","71.672","72.267","5564"
"XAGUSD","15m","2026-01-02T18:45:00Z","72.266","72.3277","71.806","72.23","6264"
"XAGUSD","15m","2026-01-02T19:00:00Z","72.227","72.4927","72.021","72.426","5772"
"XAGUSD","15m","2026-01-02T19:15:00Z","72.43","72.687","72.317","72.5837","3558"
"XAGUSD","15m","2026-01-02T19:30:00Z","72.5837","72.739","72.1141","72.1857","3142"
"XAGUSD","15m","2026-01-02T19:45:00Z","72.174","72.2677","71.858","71.917","3942"
"XAGUSD","15m","2026-01-02T20:00:00Z","71.917","72.0387","71.411","71.552","4335"
"XAGUSD","15m","2026-01-02T20:15:00Z","71.556","71.819","71.4442","71.661","5635"
"XAGUSD","15m","2026-01-02T20:30:00Z","71.661","71.8597","71.5182","71.686","3159"
"XAGUSD","15m","2026-01-02T20:45:00Z","71.6877","71.8937","71.6396","71.884","4116"
"XAGUSD","15m","2026-01-02T21:00:00Z","71.884","72.2807","71.8643","72.262","4359"
"XAGUSD","15m","2026-01-02T21:15:00Z","72.2627","72.334","72.0851","72.136","4067"
"XAGUSD","15m","2026-01-02T21:30:00Z","72.145","72.661","72.1407","72.3907","4848"
"XAGUSD","15m","2026-01-02T21:45:00Z","72.3927","72.4027","71.9341","71.994","4235"
"XAGUSD","15m","2026-01-02T22:00:00Z","71.995","72.2727","71.93","72.23","3019"
"XAGUSD","15m","2026-01-02T22:15:00Z","72.23","72.729","72.137","72.6957","3218"
"XAGUSD","15m","2026-01-02T22:30:00Z","72.6957","72.7047","72.457","72.4957","3920"
"XAGUSD","15m","2026-01-02T22:45:00Z","72.4957","72.556","72.3915","72.5447","2390"
"XAGUSD","15m","2026-01-02T23:00:00Z","72.5447","72.576","72.392","72.4867","1041"
"XAGUSD","15m","2026-01-02T23:15:00Z","72.4867","72.5097","72.3977","72.4246","530"
"XAGUSD","15m","2026-01-02T23:30:00Z","72.4178","72.6441","72.4178","72.6341","689"
"XAGUSD","15m","2026-01-02T23:45:00Z","72.6281","72.8","72.606","72.73","759"
